{
  "lang":"en",
  "name":"funding_round_model",
  "version":"0.0.1",
  "description":"",
  "author":"",
  "email":"",
  "url":"",
  "license":"",
  "spacy_version":">=3.1.0,<3.2.0",
  "spacy_git_version":"530b5d72f",
  "vectors":{
    "width":0,
    "vectors":0,
    "keys":0,
    "name":null
  },
  "labels":{
    "tok2vec":[

    ],
    "ner":[
      "DATE",
      "FUNDED_COMPANY",
      "INVESTOR",
      "MONEY",
      "ROUND"
    ]
  },
  "pipeline":[
    "tok2vec",
    "ner"
  ],
  "components":[
    "tok2vec",
    "ner"
  ],
  "disabled":[

  ],
  "performance":{
    "ents_f":0.9788372242,
    "ents_p":0.9769766349,
    "ents_r":0.9807049138,
    "ents_per_type":{
      "FUNDED_COMPANY":{
        "p":0.9794770874,
        "r":0.9816849817,
        "f":0.9805797917
      },
      "MONEY":{
        "p":0.9908700322,
        "r":0.9911361805,
        "f":0.9910030885
      },
      "ROUND":{
        "p":0.9807637094,
        "r":0.9912942542,
        "f":0.9860008659
      },
      "INVESTOR":{
        "p":0.9711220457,
        "r":0.9752916397,
        "f":0.9732023766
      },
      "DATE":{
        "p":0.972,
        "r":0.9346153846,
        "f":0.9529411765
      }
    },
    "tok2vec_loss":480.9181356392,
    "ner_loss":1268.7097418891
  }
}